,old_labels
0,icon_button
1,text_view
2,image_view
3,text_button
4,name
5,separator_line
6,last_name
7,username
8,email
9,password
10,date_picker
11,phone_number
12,sign_up
13,tb_privacy_terms
14,search_button
15,cart_icon_button
16,price
17,cart_add
18,price_s
19,card
20,card_partial
21,filter_button
22,button
23,log_in
24,tb_forgot_password
25,fb_button
26,google_button
27,tb_sign_up
28,twitter_button
29,separator_line_v
30,email_button
31,number
32,security_question
33,menu_dots
34,toggle
35,navigation_bar
36,navigation_dots
37,tb_log_in
38,rating_bar
39,edit_text
40,buy
41,box_outline
42,check_box
43,image_button
44,gender_picker
45,location
46,forgot_password
47,menu_dashs
48,sm_button
49,discount
50,wish_list
51,navigator_dots
52,drop_down_list
53,msg_icon
54,sort
55,map
56,instagram_button
57,heart_icon_button
58,web_view
59,menu_dots_dashs
60,tab_bar_button
61,tab_bar
62,tb_forgot_username
63,share_button
64,search_bar
65,ad
66,sort_button
67,country
68,radio_button
69,quantity_counter
70,gender_drop_down
71,phone_button
72,star_icon_button
73,bottom_bar
74,next
75,zip_code
76,continue
77,color_picker
78,size_picker
79,top_bar
80,available
81,address
82,linkedin
83,promo_code
84,amazon_button
85,city
86,time
87,snapchat_button
88,security_answer
89,pin
90,age
91,id
92,settings_icon
93,windows_button
94,yahoo_button
95,whatsapp_button
96,select_button
97,view
98,rate_it
99,sort_selector
100,captcha
101,age_picker
102,ignore
103,com.mopub.mobileads.BaseHtmlWebView
104,about
105,list_view
